<project>

	<skin>
		<groupId>net.mschorn</groupId>
		<artifactId>skin</artifactId>
		<version>0.1-SNAPSHOT</version>
	</skin>

	<body>

		<menu name="Projects" inherit="top">
			<item name="mschorn.net" href="http://mschorn.net/index.html"/>
			<item name="sandbox.mschorn.net" href="http://sandbox.mschorn.net/index.html"/>
		</menu>

		<menu name="Issues">
			<item name="Tracking" href="https://github.com/mschorn/net.mschorn.sandbox/issues/"/>
		</menu>

		<menu name="Documentation">
			<item name="Reports" href="http://sandbox.mschorn.net/project-reports.html"/>
			<item name="Contact" href="http://sandbox.mschorn.net/contact.html"/>
		</menu>

		<footer>http://flattr.com/thing/932382/sandbox-mschorn-net</footer>

	</body>

</project>